{
  "naive_load": {
    "mae": 2375.256092604771,
    "rmse": 2706.9700597244378,
    "mape": 16.697560784365844
  },
  "linear_load": {
    "mae": 298.6173336186495,
    "rmse": 416.86573173237724,
    "mape": 2.0540517516760426
  },
  "model_load": {
    "mae": 217.25725537182356,
    "rmse": 300.9007252187682,
    "mape": 1.506933602720954
  }
}