{
  "transformer_load": {
    "mae": 537.3586422109962,
    "rmse": 754.0353796566206,
    "mape": 5.802878404176863
  }
}