{
  "naive": {
    "mae": 41.21967618261965,
    "rmse": 48.06228058446651,
    "mape": 34.050482867339795
  },
  "linear": {
    "mae": 6.836471016745817,
    "rmse": 10.821588869228641,
    "mape": 6.535651602202047
  },
  "xgb": {
    "mae": 5.385017594231321,
    "rmse": 9.065872588851574,
    "mape": 5.184848570232986
  }
}