{
  "lstm_energy": {
    "mae": 8.55745796202074,
    "rmse": 13.007741887867773,
    "mape": 9.604451332406692
  }
}