{
  "naive": {
    "mae": 43.89796373038678,
    "rmse": 53.37644273860119,
    "mape": 54.80720538422419
  },
  "linear": {
    "mae": 6.690689320440252,
    "rmse": 10.458568533731293,
    "mape": 7.5805505966393465
  },
  "xgb": {
    "mae": 5.466162505070921,
    "rmse": 9.099251669006769,
    "mape": 6.286755690216925
  }
}