{
  "naive_load": {
    "mae": 3722.1170809456785,
    "rmse": 4621.387067670832,
    "mape": 47.862277063628675
  },
  "linear_load": {
    "mae": 378.3527865651424,
    "rmse": 637.1456588613363,
    "mape": 3.572080730452497
  },
  "model_load": {
    "mae": 314.2846673901551,
    "rmse": 468.73378010885176,
    "mape": 3.6138116888201703
  }
}