{
  "lstm_load": {
    "mae": 566.7367150787125,
    "rmse": 778.5041562500321,
    "mape": 5.772382542920591
  }
}