{
  "lstm_load": {
    "mae": 464.0704417293233,
    "rmse": 612.1651996094555,
    "mape": 4.906774969169049
  }
}