{
  "transformer_load": {
    "mae": 474.37325246710526,
    "rmse": 641.9987809558186,
    "mape": 5.029143200707205
  }
}