{
  "lstm_load": {
    "mae": 564.083044525376,
    "rmse": 785.3301098654216,
    "mape": 4.178873269671205
  }
}