{
  "lstm_energy": {
    "mae": 9.289019302035276,
    "rmse": 14.136401061864122,
    "mape": 9.138258092107456
  }
}