{
  "naive_load": {
    "mae": 2862.3590731853674,
    "rmse": 3484.398701833203,
    "mape": 24.209262854215662
  },
  "linear_load": {
    "mae": 439.6729556187145,
    "rmse": 711.5331105168951,
    "mape": 3.279141736952165
  },
  "model_load": {
    "mae": 346.85753210761277,
    "rmse": 519.1401712622643,
    "mape": 2.5558942011032535
  }
}