{
  "lstm_energy": {
    "mae": 8.890126921210342,
    "rmse": 13.222277775875494,
    "mape": 9.962373736405569
  }
}