{
  "transformer_load": {
    "mae": 554.0980219102444,
    "rmse": 796.340675496718,
    "mape": 4.053838608179965
  }
}