{
  "naive_load": {
    "mae": 2323.9296235400825,
    "rmse": 2676.1707465091604,
    "mape": 15.960874694934205
  },
  "linear_load": {
    "mae": 340.7221538456352,
    "rmse": 480.2508071577571,
    "mape": 2.3349820511022585
  },
  "model_load": {
    "mae": 231.63114694273165,
    "rmse": 326.9753831359806,
    "mape": 1.5712263222842453
  }
}