{
  "naive_load": {
    "mae": 3695.6388242749395,
    "rmse": 4575.591152356539,
    "mape": 47.70743692257288
  },
  "linear_load": {
    "mae": 322.35711762110543,
    "rmse": 489.6116156846476,
    "mape": 3.043017396059631
  },
  "model_load": {
    "mae": 284.4400691934915,
    "rmse": 406.65617751416033,
    "mape": 3.4220129002136854
  }
}