{
  "naive": {
    "mae": 25.71295935734222,
    "rmse": 36.48791694026326,
    "mape": 22.987113571227372
  },
  "linear": {
    "mae": 9.798577399181436,
    "rmse": 15.30803380654978,
    "mape": 9.230524744558299
  },
  "xgb": {
    "mae": 10.001762991263824,
    "rmse": 20.405319546100763,
    "mape": 10.55167555652997
  }
}