{
  "naive": {
    "mae": 43.60125255255142,
    "rmse": 53.1740057732533,
    "mape": 54.449445668815436
  },
  "linear": {
    "mae": 6.711356669904694,
    "rmse": 10.501799062176524,
    "mape": 7.574693838783662
  },
  "xgb": {
    "mae": 5.476766079809278,
    "rmse": 9.124035084276047,
    "mape": 6.290003600966387
  }
}