{
  "naive": {
    "mae": 22.727290768226048,
    "rmse": 32.42784881051694,
    "mape": 19.786677188213574
  },
  "linear": {
    "mae": 10.204715308755047,
    "rmse": 14.57076457318709,
    "mape": 8.696370769051152
  },
  "xgb": {
    "mae": 8.8296495396115,
    "rmse": 17.38311908242716,
    "mape": 9.303000511183406
  }
}